YEAR,city,agg_income_15plus,agg_income_15plus_race_tot,agg_household_income,agg_household_income_race_tot,agg_household_income_white,agg_family_income,agg_income_15plus_white,agg_household_income_white_nh,agg_income_15plus_white_nh,agg_nonfamily_income,agg_household_income_hisp,agg_income_15plus_hisp,agg_income_15plus_two_races,agg_gross_rent,mean_hh_income_top5pct,median_owner_home_value,mean_hh_income_q5,avg_household_income_hisp,avg_household_income_two,inc_q4_limit,inc_top5pct_lower_limit,avg_family_income,mean_hh_income_q4_alt,avg_household_income_white,avg_household_income_white_nh,avg_household_income,avg_household_income_race_tot,inc_q3_limit,median_family_income,median_hh_inc_owner,median_hh_income_white_nh,median_hh_income_white,median_hh_income,median_hh_inc_all_units,mean_hh_income_q3,median_inc_15plus_male_ftyr,inc_q2_limit,median_earnings_male,median_hh_inc_renter,median_hh_inc_past12_renters,avg_nonfamily_income,mean_hh_income_q2,median_earnings_bachelor,median_inc_15plus_male,median_nonfamily_income,median_earnings_male_somecoll,median_earnings_male_hs,median_household_income,Population_2019,HB2001_Category,treat,post,pre
2017,Ashland,1200560400,1200560400,1170190200,1170190200,1089729000,807743100,1116703200,1056291400,1081884200,334708100,36437900,39359700,12271900,6619300,3431105,3524600,1830787,462076.946124408,128951.25,946108,1888794,860882.6689743986,752437,673098.5907884551,676785.5836137381,681292.9098806734,681292.9098806734,587847,621026,594192,474129,471673,467135,467135,464682,529038,356773,319565,252388,252388,424713.94978981273,265799,283250,315401,296116,190325,241938,50339.00008584919,21281,Medium,1,0,1
2017,Baker City,284306200,284306200,275074100,275074100,267144100,201613700,272410000,261125300,267736900,68354700,7454400,8582800,3897900,1104200,797027,503200,527676,280206.69618373306,42536.8421052632,326933,560942,273285.9762342465,265984,229788.2383055854,228408.6202285523,225310.61381048415,225310.61381048415,212739,223781,216880,176081,176707,175265,175265,174708,170265,142245,146613,119813,119813,139829.8072220167,109551,184863,129703,113785,124406,154107,44295.74226618705,9809,None,0,0,1
2017,Cottage Grove,369714000,369714000,362815900,362815900,345395600,265242400,353542400,332394800,339229700,86945200,16495300,17805600,11743300,1839500,822735,813600,495837,194589.3709826521,128886.9918699187,308841,498383,247208.2516976724,253718,216056.79652889495,215771.6885685548,213575.872655114,213575.872655114,204388,194474,194191,168436,170301,165537,165537,167313,189394,138290,144593,72763,72763,142038.1679143692,105724,93217,108281,104828,119477,161195,40982.45079134073,10465,Medium,1,0,1
2017,Eagle Point,340389000,340389000,336612200,336612200,327904100,237576600,326584900,308398700,310207500,87626100,22507800,18179900,11607500,1683700,325916,234500,194114,100931.838565022,0,114995,205586,87344.3382352941,99029,82078.6232790989,80774.9345206915,81484.434761559,81484.434761559,74920,72594,74363,60484,61911,61948,61948,63071,52744,49668,52977,36042,36042,62102.1261516655,36387,51071,45941,29391,51156,48884,61948,9554,None,0,0,1
2017,Forest Grove,937936500,937936500,898519600,898519600,783166200,697684900,813715000,688850000,713398800,161052200,163182300,174045300,32159500,4088600,1958023,1790300,1161672,494665.0041275502,330220.52974085,711379,1145571,538666.1130199336,588880,526936.857572979,530441.5521717282,515245.3035790783,515245.3035790783,496712,457393,519813,417673,420752,425154,425154,416506,327916,335191,278775,301112,301112,337979.7023667372,281153,325395,232945,305842,319412,236204,60917.87027779209,25553,Large/Metro,1,0,1
2017,Klamath Falls,926257400,926257400,906077300,906077300,826172100,660749900,844306900,778027400,791116400,229402200,61888400,69555600,29405500,5611200,2123314,1542400,1360724,562464.656039385,301003.12788611004,870199,1508969,685974.7616525965,701138,583573.0229819649,589844.5603863938,585069.754865037,585069.754865037,563414,546700,605763,464385,460507,465195,465195,468894,446446,368559,363057,265432,265432,392183.82468873897,277371,366598,303910,287931,355305,343226,43994.472444653795,21753,Medium,1,0,1
2017,Newberg,1128276600,1128276600,1075188600,1075188600,1011326400,835488400,1054966300,946397900,986084600,209609200,91651900,96012800,27531300,4604900,1771753,1842200,1118561,366153.294953011,357801.1635747653,733804,1103226,526278.2063818998,605318,510339.8036768046,511603.7574482608,505679.4612074,505679.4612074,483299,445867,466895,415364,413732,408660,408660,409464,331670,341606,267620,257394,257394,378510.1206954874,275075,321430,240389,256570,287337,173863,64402.439661219505,23886,Medium,1,0,1
2017,Newport,340234000,340234000,332569600,332569600,308737000,231715600,307945000,294971200,294185500,95781300,19960800,24369200,12285800,2239900,1157617,1090300,704022,202282.9667599281,130435.53571428572,420505,770791,349608.4711048672,345274,295857.4312204355,297416.9052080637,292427.85949118837,292427.85949118837,279784,275123,277036,221869,218911,216760,216760,219874,226879,167595,169717,170897,170897,203568.5469591647,132462,143214,143403,152454,186821,130426,44127.68925556408,10853,Medium,1,0,1
2017,North Bend,1042590200,1042590200,993282900,993282900,926391800,748079100,968432400,907723400,940013300,227650700,22010800,38606600,33594400,4954500,2691878,1632200,1424844,230372.3906993797,358651.43531033176,760399,1478975,681536.3042929505,622067,568667.5134136778,572081.3785544283,558791.9873856554,558791.9873856554,505366,516875,507706,422816,417960,411804,411804,415712,417089,330018,328091,262087,262087,329460.3406985664,243901,352974,271266,236722,348587,271058,44315.300804726496,9768,None,0,0,1
2017,Ontario,251093700,251093700,247341900,247341900,224888600,180575000,226339400,168750000,174475900,60057000,70941600,68187200,6710400,1574600,575830,351300,350917,132067.9483242794,104298.8987375772,207561,375126,161048.2492821686,169695,144531.20294774638,144241.8134749188,141441.2395724544,141441.2395724544,126427,114247,155980,104325,100573,98931,98931,99919,111628,78407,98315,64997,64997,94331.1233437493,59835,80500,68988,59436,96335,55145,33045.61250734862,10994,Medium,1,0,1
2017,Prineville,526399000,526399000,528648000,528648000,508545600,405177300,504168600,487443600,488173000,108019300,28558700,23815100,7684000,2313900,807847,752500,522229,167031.4570361146,85308.2872549195,334696,580942,263363.9638650897,275075,230079.3459653394,229051.0644879884,225325.57835072,225325.57835072,218233,228566,211028,168251,173592,170657,170657,171132,181934,133655,128019,122592,122592,135481.55473607482,110624,105605,110662,101957,163126,110173,42560.62890822858,10734,Medium,1,0,1
2017,Roseburg,961811600,961811600,952638600,952638600,912047900,692601300,920197800,885072100,898595600,248275200,30715200,25321500,13700200,5062500,1584432,1218200,921555,298731.8262755762,184646.7374727668,558998,917237,468989.0542230455,446587,384415.9593084969,385678.1390081888,379224.79991330265,379224.79991330265,355557,373273,378692,295825,295070,288801,288801,284237,308046,213600,220472,187575,187575,239207.7757397766,167847,286027,177166,163891,179832,153595,47867.891738783874,23479,Medium,1,0,1
2017,Sandy,727046400,727046400,717002100,717002100,686928700,577388800,693716900,653947200,665084500,128509600,35109900,32277400,15622800,2122900,1396423,1438100,891686,219981.3706942589,157466.550925926,593892,935445,455910.7766287185,488403,400326.0956360697,402998.03715994855,402004.00993096107,402004.00993096107,414941,404014,388250,355052,346231,337207,337207,340984,288168,272872,253479,171135,171135,252485.0727335388,205402,267631,204206,154571,282326,212468,66961.80951783023,11387,Medium,1,0,1
2017,Silverton,523189400,523189400,508694400,508694400,494783500,439817100,502972100,484451400,488119700,63976800,12918500,20835500,9596300,1404800,1002876,828900,590571,163018.0539537682,302643.995859213,360257,628143,298761.98962112266,297816,256029.89823452945,258546.4864246825,256694.6954720792,256694.6954720792,252577,235725,235602,206135,206297,205677,205677,209224,164864,169711,148966,77817,77817,124404.3749164546,127708,134630,122448,97777,142174,128875,68972.0099045346,10618,Medium,1,0,1
2017,Sweet Home,280036800,280036800,275022600,275022600,260133700,213633200,266730600,249511500,253949200,59874900,18351600,18316700,8018200,1363800,359535,304900,229147,302686.9841269845,35715.6862745098,160719,248682,119937.0821104708,131342,101492.08784516247,99033.4315313171,103078.003504363,103078.003504363,103357,103931,94036,78362,82520,83692,83692,82834,97626,64169,86656,52978,52978,67641.02908277401,51286,63438,62106,48156,93435,74777,41860.02277313347,9977,None,0,0,1
2017,Tualatin,3271255900,3271255900,3228158300,3228158300,2953926800,2598559100,2979153500,2844594600,2857158700,603023300,141378700,155247400,66545800,13011200,6456844,6170300,3894946,1370668.016322224,1461135.322383455,2394199,3548149,1909012.4131764243,1949894,1687363.0264193309,1710024.2075905097,1694913.1495228286,1694913.1495228286,1602710,1541889,1656136,1371702,1340566,1359119,1359119,1361799,1166700,1112699,994276,957406,957406,1083926.0541147722,887888,975104,854116,829898,905868,619523,85484.68227891458,27837,Large/Metro,1,0,1
2017,West Linn,3113110700,3113110700,3067236300,3067236300,2822648900,2579071700,2868627800,2717925400,2772905400,456680400,115522000,114652600,47549000,9076400,5440658,4888000,3133972,1440707.498211129,631005.7636350677,1862504,2647783,1525794.7334504754,1534559,1339614.5284196234,1328998.283638314,1329333.1961621777,1329333.1961621777,1266623,1254064,1240749,1046533,1056390,1050969,1050969,1054844,960425,854538,813661,586809,586809,750711.4742358776,663036,721461,716249,565262,745587,586970,89130.71379632513,26736,Large/Metro,1,0,1
2018,Ashland,1238588400,1238588400,1209527300,1209527300,1142058100,833610800,1161170500,1092067300,1109926000,345126600,49973000,56218100,13842700,6588500,3200277,3823500,1801978,443050.962406341,154495.3841946951,967431,1911758,889563.6784206317,784970,694926.8710592823,699405.5578876265,697755.0695186831,697755.0695186831,625934,675312,630959,502708,503789,493426,493426,497690,552150,386648,335999,240452,240452,440411.86612520827,294667,292038,315741,319349,179885,177678,52162.17425629291,21281,Medium,1,0,1
2018,Baker City,288315400,288315400,279493600,279493600,270733300,204763100,273325300,263495200,268570000,69741600,9194700,9987200,3665400,1050600,866171,555500,555177,336151.48712989164,42664.7058823529,356393,530646,283786.3605532671,277077,240371.5949387962,238384.35046469,235453.0652102028,235453.0652102028,217473,221185,212704,179786,181051,177451,177451,179760,177950,148817,151443,119065,119065,145456.95320218132,112241,188572,128533,108562,106701,156270,44720.08381683478,9809,None,0,0,1
2018,Cottage Grove,382790300,382790300,378119700,378119700,344562800,273474300,359710700,331593000,343855100,92631900,13072700,19382800,14455000,1714800,802225,837700,512594,141476.33536490082,167794.5642795513,334922,539392,259180.0383691458,278436,222040.15800813248,222158.4037238919,224578.07387970225,224578.07387970225,223040,207364,222106,182172,182316,180957,180957,181395,192651,146440,140490,112344,112344,148079.1409470961,110273,74444,115146,114974,145015,150561,45103.961877010865,10465,Medium,1,0,1
2018,Eagle Point,366659600,366659600,363608600,363608600,357084000,276958300,357775100,335280700,339506600,75812700,25547500,20475900,6320100,1557300,338814,256300,196464,106006.22406639,0,118565,215220,91194.698715838,94937,83197.5768872321,81636.401266131,82469.6303016557,82469.6303016557,80405,77247,81495,60293,62934,63388,63388,63213,55117,51008,52291,39091,39091,55257.0699708455,40648,50811,47250,32833,44694,41054,63388,9554,None,0,0,1
2018,Forest Grove,1032303400,1032303400,992124800,992124800,845548600,765904700,870936600,732612500,753598800,180516900,193652400,206633100,38743100,4610600,1986920,1929300,1205715,542576.7289855529,435298.2502750377,750621,1157234,579710.6266605885,631143,550072.3431800811,544090.2235603101,542156.131423253,542156.131423253,526835,494776,565922,427588,450139,456616,456616,446766,342768,353106,286932,290389,290389,337619.198839462,290284,323662,244065,294960,347907,241068,65380.78589912726,25553,Large/Metro,1,0,1
2018,Klamath Falls,968620600,968620600,944909900,944909900,866053000,670134300,882676400,809998200,824110800,255550500,71944200,78408300,24086700,6129800,2209219,1630900,1383735,542846.5058377527,321879.4425797102,879590,1480731,704644.985785788,720168,603513.6444448287,609942.0994392276,599017.7998860191,599017.7998860191,583878,551905,620001,483390,487581,486732,486732,480588,457688,372092,372860,259279,259279,409269.4315482367,289099,447626,318841,305843,377380,368117,46273.549168112186,21753,Medium,1,0,1
2018,Newberg,1190278700,1190278700,1141817100,1141817100,1073402300,908584600,1111117700,1006013700,1037455700,205408500,90078900,99656100,34008800,4469300,1995066,2022900,1251801,357210.3510684195,346595.8294613548,821895,1136984,580298.4082913168,648496,554227.2678141389,557806.4296265761,548648.4068067956,548648.4068067956,516568,481626,495581,432774,431374,427266,427266,431267,346969,348018,287864,265364,265364,400182.83469820744,284028,334397,253857,251305,299212,164170,67086.48246743216,23886,Medium,1,0,1
2018,Newport,365656000,365656000,360658500,360658500,329141300,247175400,325720600,316070500,313426400,107088300,24042700,25765800,15462500,2082900,1268322,1157700,751758,336799.13621547434,177111.79558745347,446179,780120,361624.4239498462,369847,317795.15367055195,316168.6521201553,312157.8704721315,312157.8704721315,299188,288305,284985,239467,238722,238629,238629,236308,238209,182449,165227,183411,183411,227573.7246583032,140629,153991,150759,160793,131078,77748,49278.789093398234,10853,Medium,1,0,1
2018,North Bend,1091412400,1091412400,1037842800,1037842800,967558300,773309300,1008539200,946975400,983920400,243660200,29396000,36806400,29391000,5099800,2695851,1662100,1427695,330283.12955783773,359213.1177273044,792573,1393591,704736.1900146579,637943,584043.2455208987,588596.0421679451,573028.2874736859,573028.2874736859,522416,548259,514242,439351,440977,431293,431293,434437,443395,348002,319654,307825,307825,338953.42279156623,265219,344210,279440,261677,338121,253428,46370.93769438896,9768,None,0,0,1
2018,Ontario,276125500,276125500,272438000,272438000,252801600,193620900,255444200,187353600,192753700,69578200,79903100,78274800,8900100,1548500,648605,371700,380703,153566.1431802748,208412.4841636709,234649,373244,177039.0896583352,192068,159085.2651914872,158646.6324801526,156971.2956189714,156971.2956189714,149802,133113,166619,114373,117728,114071,114071,115785,126658,89519,101076,74332,74332,104513.17449884812,67391,114493,73336,63569,96714,91267,38099.78475657848,10994,Medium,1,0,1
2018,Prineville,561289100,561289100,558506600,558506600,536832800,428139900,539908700,516829800,521591700,111068200,25989800,25455300,7675700,2221400,903640,875100,556294,146639.8913800494,124793.64635904827,344421,644566,272926.30528198264,284956,242885.4471810172,243851.79979639064,239037.8205318043,239037.8205318043,228736,237006,223426,183397,183233,181935,181935,182472,193078,143379,133236,125629,125629,147607.1994127275,119437,167330,113284,109771,163609,134527,44810.66669651251,10734,Medium,1,0,1
2018,Roseburg,1018023600,1018023600,999645600,999645600,942584100,718361600,965079000,914435800,940040800,269249300,24231300,30158700,14979600,5263700,1633756,1300900,938753,226309.2368502839,169634.17847023188,578020,930139,483631.70715862885,462011,389768.1613931664,393193.29829773336,391169.8613169228,391169.8613169228,370493,382780,368999,302826,302091,301194,301194,298480,308292,224743,229582,215350,215350,250212.81024821737,177782,309458,182817,143265,161846,189364,49875.97189551614,23479,Medium,1,0,1
2018,Sandy,744370400,744370400,731102500,731102500,705774300,590610800,707396000,681139600,683028800,124533900,27877200,29527700,13870500,2206900,1312071,1606300,881540,220508.3180181819,142791.8181818182,615760,917421,461189.7368791643,500041,409868.5959605117,411582.1128750943,406430.6941572467,406430.6941572467,425963,409951,397127,360483,358430,351959,351959,353607,299784,283740,248959,202933,202933,240830.8513927716,213406,278123,208822,158653,275889,198376,69935.63564249522,11387,Medium,1,0,1
2018,Silverton,558452000,558452000,542563600,542563600,524565500,455084800,532795000,514082800,519864400,82756400,17954000,22667600,11217800,1621300,1056261,890300,617570,181522.5133689839,289355.434782609,381133,677425,307788.5179419304,306900,263337.3281746749,265886.6420459002,263142.2439741486,263142.2439741486,257755,238289,229718,201165,201459,202028,202028,207238,194741,166628,145013,91900,91900,141213.5231255374,125926,151318,119327,103561,132239,116936,67951.14235190097,10618,Medium,1,0,1
2018,Sweet Home,313711700,313711700,309261100,309261100,299176500,238109500,302322800,281160000,281946500,66443700,20428200,24269400,7619600,1415000,521577,332600,291631,287721.126760563,0,174744,290916,136846.26428400847,136764,117334.64088804853,112753.5785195349,119069.65726525708,119069.65726525708,106907,103202,101297,87604,89561,90142,90142,89248,117391,68776,91079,57148,57148,77597.807998115,55224,116622,63257,52883,106569,47083,45072.74786845311,9977,None,0,0,1
2018,Tualatin,3476482700,3476482700,3432264700,3432264700,3140194300,2773698900,3160599300,3005419700,3009603400,622152300,171250500,195226700,73383700,13382500,6388416,6647800,4032417,1344611.819686454,1512991.0730657636,2537674,3684764,2004755.4080606,2086345,1790355.7137860924,1810110.9134671064,1796907.8184473312,1796907.8184473312,1767877,1672283,1748308,1507965,1471623,1492363,1492363,1486949,1263362,1208548,1083122,902687,902687,1177079.173074095,953222,1025409,927645,888035,926635,740784,93786.952000915,27837,Large/Metro,1,0,1
2018,West Linn,3228442800,3228442800,3177787700,3177787700,2942270700,2676029200,2994105700,2832790200,2887264900,467964500,100529500,127433100,44612900,9471500,5427081,5249500,3239870,1084185.5225546304,530439.4590501273,1981176,2675353,1565142.571980887,1610172,1392977.9821895591,1385452.8771686333,1375214.912954356,1375214.912954356,1320530,1313854,1318400,1108744,1115437,1104847,1104847,1105419,1040091,883516,880642,571017,571017,789386.7546234449,663130,773463,748917,556574,674586,562594,93542.46958818071,26736,Large/Metro,1,0,1
2019,Ashland,1318697700,1318697700,1297745800,1297745800,1204918100,905365100,1231684100,1141656100,1169838200,363273400,62223900,67528200,17231100,6876900,3633748,4085800,2013320,387767.6830008627,200843.9087809037,1044835,1988128,991510.0485062702,849944,763869.7058530612,770630.2120430485,765983.3870746841,765983.3870746841,675458,743714,708988,545183,544011,540325,540325,539056,577143,409745,343586,254926,254926,453512.9898417553,313289,315530,338692,326021,190289,106730,57680.00599397762,21281,Medium,1,0,1
2019,Baker City,310877700,310877700,296082900,296082900,287040600,211107400,292783300,279886800,287604800,81321800,7575400,10546600,3836300,1128000,1067785,604000,617167,171754.3242202541,54275.9225650332,373442,577471,312428.0440140661,281304,255593.9339874357,253097.6020070834,251013.46735105052,251013.46735105052,218140,226137,212162,183552,184568,181033,181033,181861,192642,149753,158549,117753,117753,155588.48006863898,116224,198695,137328,116513,135420,145435,45493.29096423156,9809,None,0,0,1
2019,Cottage Grove,404559900,404559900,396500800,396500800,359247100,288266300,376148800,345399000,360247600,100089000,17466400,19810300,19595800,1706800,897157,885500,549245,240543.4035598632,232256.5324074074,345508,568157,279799.439684639,285888,234471.8718624924,233866.04166610588,237782.31477059072,237782.31477059072,234182,224161,234879,187180,189778,190795,190795,190707,185775,150675,149410,123853,123853,156200.0726231889,118311,133349,115750,123442,145090,132258,47972.093083504034,10465,Medium,1,0,1
2019,Eagle Point,396898800,396898800,395306200,395306200,386934700,303658400,386371500,362659200,367267500,76578500,29017900,22085000,7951300,1158100,358574,268700,206664,99717.8694158076,0,123567,213990,94362.4611559975,102257,90363.0780009341,88996.1226993865,89153.4055029319,89153.4055029319,85793,83073,84008,70451,76162,72361,72361,73180,54134,57676,52494,48304,48304,62975.7401315789,44500,50899,48024,36885,52500,38424,72361,9554,None,0,0,1
2019,Forest Grove,1101102300,1101102300,1051634500,1051634500,890026200,815713400,915565400,780513100,796682700,210032000,197435100,226467600,50296900,5150700,1787555,2111700,1193644,564582.5061563712,507964.737557956,801547,1251296,620976.5031058855,657322,553779.3328175424,549915.0666303127,558256.7213136978,558256.7213136978,551185,530977,586409,468098,461380,474069,474069,474603,356139,392728,317799,306942,306942,363489.7167813047,316311,319161,260843,297649,384465,261580,68032.50259631076,25553,Large/Metro,1,0,1
2019,Klamath Falls,1051690700,1051690700,1032535800,1032535800,934997700,723838000,948828400,870008200,882731200,281798900,82272700,96030400,28021000,6286400,2300731,1721200,1464921,424893.8507208763,331362.81429976784,953333,1528484,732783.812422851,767647,640763.2811284994,649425.0456537262,636094.5080880669,636094.5080880669,620265,595157,655907,521326,512350,514875,514875,512217,483585,393291,401277,341725,341725,444566.1485842891,308980,374117,333053,321492,380900,386961,49016.688593119354,21753,Medium,1,0,1
2019,Newberg,1295564300,1295564300,1253188900,1253188900,1159376300,1011276300,1198173100,1088575800,1120360200,210391100,94911000,105873400,51143300,4428000,2061871,2255800,1336240,363507.2120245743,437604.0905128438,899320,1194595,630328.295803279,728632,599321.1050533956,605492.4369857841,594933.5717881094,594933.5717881094,579578,533289,543454,476231,475385,479754,479754,478877,384872,386620,317788,278647,278647,388687.3774456929,301746,353740,262134,249465,318230,220252,75820.97618020851,23886,Medium,1,0,1
2019,Newport,377167100,377167100,365551100,365551100,329780000,241214400,331056000,309844600,314258600,116125600,34087600,32384400,15778500,2247800,1218543,1266500,756707,384335.2063610255,240015.6608439439,470313,793194,362374.938684561,381698,322645.9018796966,319047.5932653069,319601.6800689402,319601.6800689402,303607,291978,299418,244322,246328,246699,246699,245881,236627,195334,159356,199540,199540,246998.2440303225,148464,173211,138022,183505,171065,58311,50361.123929698064,10853,Medium,1,0,1
2019,North Bend,1166930400,1166930400,1113067200,1113067200,1034632600,830039600,1075253700,1007045000,1046666000,261208100,38577000,42423700,29938900,5323200,2797168,1761500,1515529,440077.0898205306,327713.7747137554,856416,1482153,748577.0148164883,691676,627052.5078565908,631117.3700656815,618523.7075234987,618523.7075234987,551357,580531,530975,466597,465548,454434,454434,459859,449908,377675,351015,354619,354619,378384.7721633155,300654,359934,294899,292837,360013,311619,48869.11637253189,9768,None,0,0,1
2019,Ontario,288619500,288619500,282074600,282074600,262007100,197942900,266981800,191674000,198648200,74700200,85295100,84189900,11419600,1609700,662225,387600,389438,163441.358858791,216062.370365045,233488,374041,182456.2062261697,195188,162158.5812427208,161190.6404563876,161177.22730908298,161177.22730908298,155116,136775,157953,116938,121025,116804,116804,120324,136219,91418,105507,83198,83198,109621.0194424955,70473,139132,77439,71147,61253,98725,38743.09656243383,10994,Medium,1,0,1
2019,Prineville,621456900,621456900,617848900,617848900,600594700,478637900,599028800,578514400,576990300,121422400,25800600,29057500,8598700,2179600,946681,1021300,587432,141823.0001289491,102253.2539018952,364407,640626,292257.0731124608,306415,260058.8719820797,262777.7718592995,256018.71921277168,256018.71921277168,252575,252114,241215,198869,196546,194616,194616,199919,206055,158006,149790,128892,128892,157197.0094275463,127409,201560,128440,118204,176804,125368,47927.39893963756,10734,Medium,1,0,1
2019,Roseburg,1031380100,1031380100,1019704900,1019704900,962362300,725438400,978484500,934897000,952237800,280334900,31133500,31418200,16887700,5103800,1633310,1344900,954224,368742.52893477445,219126.4835981689,597017,943416,482566.2090505786,467111,398111.95945942216,402040.5843500956,398196.4369986742,398196.4369986742,371307,373698,365099,310476,306440,305311,305311,304283,304381,235555,230612,232852,232852,256382.9303574694,186098,297600,197767,167453,219260,182173,50497.89547266515,23479,Medium,1,0,1
2019,Sandy,844402700,844402700,828997100,828997100,794222300,656246700,802318200,765497700,773254900,157136600,35530300,36665800,11449800,2012300,1103446,1808100,755196,252207.577770923,36415.1515151515,674653,1117930,489015.4799054322,422336,467321.6555059299,469742.1541185711,460346.97486627614,460346.97486627614,460594,452849,442907,414133,404976,403575,403575,306614,314715,320557,295077,224379,224379,323954.083717266,189797,214724,229635,239884,313889,213064,78769.2588010256,11387,Medium,1,0,1
2019,Silverton,557939200,557939200,543554300,543554300,521950300,455133200,530748200,517240500,523952500,83587800,7308000,18837400,11694100,1574800,1035083,1009300,609355,114739.3939393939,256315.86921850103,374769,659293,304832.596814082,315783,268687.2972507382,269478.6236876083,268850.36577549897,268850.36577549897,268658,248877,232527,212721,213044,213636,213636,219949,191959,179398,153143,91231,91231,159224.42120397772,137277,162783,123657,113755,122265,77917,71766.28329212293,10618,Medium,1,0,1
2019,Sweet Home,344034300,344034300,339252900,339252900,305915300,264185000,311137500,298622700,303385700,70728100,17029000,16452200,7657500,1537000,523109,354900,291669,239632.5103467962,152897.619047619,176445,287350,144861.3459083544,144102,115238.9350361562,115277.2592829802,122959.1986922956,122959.1986922956,115728,114646,106959,93482,94334,95866,95866,95125,101933,75122,86912,65029,65029,75718.09294871791,60640,115380,59527,54782,107459,77590,47921.32539519606,9977,None,0,0,1
2019,Tualatin,3691116100,3691116100,3620933300,3620933300,3306057700,2935148800,3303530400,3185835800,3170356900,637686400,150494100,216350600,89615800,13809100,6982382,7056000,4372050,1344293.7946958442,1412462.7371204284,2651321,3684707,2157674.7971067424,2184467,1908678.466019407,1922075.0285221415,1912478.8244406872,1912478.8244406872,1839912,1779749,1815826,1558513,1529460,1546502,1546502,1562927,1350313,1278457,1133246,1120126,1120126,1251826.8980142018,1014925,1137491,959117,888846,877664,763019,97082.64816533,27837,Large/Metro,1,0,1
2019,West Linn,3432024000,3432024000,3364739500,3364739500,3148412200,2828973200,3168759400,3033027900,3045946500,507126100,109442900,169511800,47457100,9323200,5753671,5662100,3497119,1378698.6913506968,430946.3886192658,2068497,2735504,1705293.9036940285,1717437,1506483.691533422,1492784.2171764034,1482370.835465738,1482370.835465738,1426640,1428925,1399111,1196345,1211772,1183376,1183376,1200751,1114210,959275,936740,597308,597308,839879.0910958578,722729,826455,782098,559769,673855,669401,100145.092469538,26736,Large/Metro,1,0,1
2020,Ashland,1283231900,1283231900,1251912700,1251912700,1153701600,892602800,1171510600,1102786900,1118454600,326835400,66194800,70282100,30961100,5629600,4419776,4515900,2444741,558539.0955810875,287350.605851979,1254780,2226327,1165378.7621645126,973988,896202.5582047392,908853.9673499753,900167.7944892468,900167.7944892468,760965,852397,794993,603298,598858,606931,606931,600647,637639,450681,441863,295642,295642,550709.6620169326,342107,362071,374931,355682,129353,238215,59286.37047183189,21281,Medium,1,1,0
2020,Baker City,321277100,321277100,312703800,312703800,301137500,224396500,299371600,296611000,295696400,81813300,5938100,9227400,6857700,1253100,1157009,653200,649200,142884.5101258894,63541.8604651163,396701,568006,316577.60768872534,292362,266211.2339290931,265515.5328353815,263655.0853521632,263655.0853521632,223944,224217,212550,194005,194692,193482,193482,192348,226418,156950,178575,147204,147204,167708.1832254821,125286,201141,137052,130951,172595,139884,48197.33532827155,9809,None,0,1,0
2020,Cottage Grove,422026000,422026000,421341600,421341600,370221500,309253700,382818600,356551800,368348200,97887700,25598200,24829100,20327600,1912900,911347,960600,575758,185882.997122976,279360.7943009216,370738,614538,297116.2308079688,307837,247348.1034073833,247131.5893010334,251625.5815461616,251625.5815461616,245085,241891,261612,193208,194526,203076,203076,203714,174130,156552,149309,133747,133747,153220.71021645138,123244,113506,122464,120238,165529,144412,51065.50094261812,10465,Medium,1,1,0
2020,Eagle Point,397057600,397057600,399103100,399103100,393073800,307503500,390830700,366577600,368828000,67673300,16638100,23952800,0,1466900,0,1069900,0,88500.5319148936,0,339614,627437,388177.4664728501,0,311648.46450900973,310546.5888009701,303352.3033201358,303352.3033201358,231630,258206,229824,203462,216598,210256,210256,0,173598,181363,149998,121433,121433,161339.62168248888,0,98533,147392,113065,73313,70684,73674.7594849192,9554,None,0,1,0
2020,Forest Grove,1125964200,1125964200,1085883600,1085883600,912275000,804545600,928061700,841290300,846369600,255787200,169758700,206375400,61993400,5263900,2077124,2381200,1418970,638399.6204320432,492900.3566874618,1050234,1392882,741509.5478176025,848691,667107.2922947133,679884.7622686607,671076.1317386586,671076.1317386586,681583,650837,741933,575160,552175,556808,556808,567827,444634,461493,376201,251063,251063,498699.54722244205,364907,446037,304412,322669,465069,234489,73304.43853581607,25553,Large/Metro,1,1,0
2020,Klamath Falls,1063002200,1063002200,1051507600,1051507600,941626400,732134400,945629300,881669300,885528100,289233900,87472600,101209000,45376700,6618800,2066890,2028900,1350124,444785.1534593278,503204.2302631597,1078365,1726662,824639.919454231,731190,737049.0052053321,743618.2654591753,725819.2808412566,725819.2808412566,729921,680297,739138,587128,596035,593531,593531,492497,546884,473003,425624,418175,418175,535733.0131708914,303877,487046,382145,327623,417532,370212,50669.00205933766,21753,Medium,1,1,0
2020,Newberg,1415850100,1415850100,1395138800,1395138800,1315720000,1141238300,1317189600,1234236300,1239369000,219700900,97957500,109982400,55633300,5077200,1977310,2725100,1275900,624291.1522388746,533669.6157126204,1070585,1392101,801900.3593678697,689982,770529.5870789484,780578.5813996897,753893.0536001411,753893.0536001411,703722,637568,671045,607660,596513,576260,576260,484801,457384,487336,379054,403693,403693,487101.9299452785,326686,447133,320426,312760,422225,276920,80286.29739376043,23886,Medium,1,1,0
2020,Newport,399001400,399001400,383218400,383218400,349288100,262339700,357086100,330309500,339118000,111957000,34499600,34206100,13143800,2232100,914103,1406000,615343,373528.7241806798,232175.65665344172,497867,908727,397789.6310443854,336821,340355.9465111083,338371.6251054505,337025.1241357224,337025.1241357224,321028,347445,329684,257263,255124,260156,260156,208685,260372,200233,163617,199259,199259,236725.3404477525,127560,174893,135448,188140,132169,63078,52144.561178303775,10853,Medium,1,1,0
2020,North Bend,1154726600,1154726600,1095097900,1095097900,1002900000,817472800,1047311900,975847100,1018910700,256505100,38331500,41897500,23173000,4398800,3437838,2469500,1879117,434730.4498333278,419070.0965535369,1182949,1951109,1019533.1723422036,907339,835480.646773874,847285.2494613746,843848.7879353043,843848.7879353043,784259,816703,802258,633306,619883,619452,619452,585322,613480,512823,494703,366679,366679,497087.8624664314,355944,565919,401000,348568,276761,337956,55530.8087992937,9768,None,0,1,0
2020,Ontario,290154100,290154100,277662300,277662300,246726900,200292500,257490000,177927900,189804300,69027700,91578600,91764400,17504100,1494600,666890,393400,391070,159015.2833620108,209510.99320882905,235213,410453,193981.0204332517,188781,162232.885536253,162519.5505695074,159649.6062121506,159649.6062121506,151593,135703,133950,103523,119396,113857,113857,116791,126661,89985,99901,88649,88649,99168.94005775749,71667,73822,88676,65418,105231,104502,37436.67913314488,10994,Medium,1,1,0
2020,Prineville,650049900,650049900,643585900,643585900,621374400,499990400,615987300,596011800,584982200,121090500,24846500,45323000,19172300,2119900,882322,1690300,605562,99723.8014292653,86678.62292718099,666915,943762,471040.4980685796,372932,436642.8517622694,440245.192951982,430103.2653839377,430103.2653839377,444318,416031,420319,388508,383933,381349,381349,247422,366835,301403,271038,131828,131828,278835.9119451319,152378,212025,208230,152301,239966,181967,63059.05844424999,10734,Medium,1,1,0
2020,Roseburg,1005190900,1005190900,1013220800,1013220800,949912300,730246600,942255600,925944400,917755800,262634400,24670500,32775700,30698600,5261400,2137654,2511500,1384684,250470.4144359212,281764.0776085738,1002615,1659516,797479.5936021727,713201,687519.3017526529,691108.4457300167,686085.6157122616,686085.6157122616,661211,660840,555486,464430,464030,471603,471603,467616,547669,418651,445881,372694,372694,450371.42330029246,296732,524179,299051,255811,229591,274508,52452.55449944088,23479,Medium,1,1,0
2020,Sandy,846212700,846212700,831878100,831878100,790185800,674789500,797394700,768973000,771903200,140799800,34016600,39016700,17030800,2240500,1247793,1849800,929748,270404.8841509682,60635.8974358974,702830,972852,503483.35870004416,580207,463382.55505882227,465855.5929485709,450479.5707266948,450479.5707266948,469168,455758,451311,410855,407561,391335,391335,391290,301428,323160,256271,228826,228826,276617.89006035065,255243,214796,230862,242966,308844,205921,79628.41969602332,11387,Medium,1,1,0
2020,Silverton,570053800,570053800,554185500,554185500,529712600,470207600,543205800,525483300,535742700,77265300,13425500,17356800,13956600,1710900,1225151,1103300,681598,149662.32585069572,234111.8353344772,390647,712002,318105.87922063144,328395,288720.9358339061,291047.4451105821,282526.71261367906,282526.71261367906,271764,242693,247290,223625,222307,218236,218236,219544,191547,173910,142295,111178,111178,167637.2145687925,127973,154316,119192,116718,87250,82094,72941.20729411764,10618,Medium,1,1,0
2020,Sweet Home,372965700,372965700,364210900,364210900,326215100,291440500,334663300,317421800,327353700,68922700,15254500,13727900,14325900,1730400,643031,538800,394878,187983.0024813894,108638.3475783475,255697,403057,208620.16282544695,212099,172706.6481370703,172171.8286246279,179736.6783902623,179736.6783902623,180771,176360,168936,157639,156788,159618,159618,156543,172182,124378,124103,134191,134191,111402.5122255664,95889,63988,96262,81619,149837,76601,53017.80626628365,9977,None,0,1,0
2020,Tualatin,3768839200,3768839200,3733552300,3733552300,3321180500,3109510300,3319540800,3227411700,3216322200,573947900,168630600,224205400,149694300,14301400,8219268,7886800,4946597,1333682.5688034557,1807141.4651586823,2920967,3921088,2399555.403228459,2413125,2166596.3205933603,2189251.164623576,2148087.28505199,2148087.28505199,2030934,1912780,1945855,1752705,1714424,1741786,1741786,1739443,1399930,1443917,1209841,1154455,1154455,1249899.053818165,1165292,1177800,1057200,962873,838071,818215,104102.33877992768,27837,Large/Metro,1,1,0
2020,West Linn,3561732300,3561732300,3537576300,3537576300,3320193100,2988480800,3299783100,3231589600,3204698800,515119500,89686100,136150700,70123000,8400100,7846653,7140600,4645401,1515587.7998391115,645662.1199473534,2655333,3262271,2198409.791143424,2179757,1960822.93401838,1951940.530344815,1911587.4169145469,1911587.4169145469,1771050,1754375,1723829,1546726,1551952,1507751,1507751,1496058,1351936,1204660,1198030,724077,724077,1006739.78136923,906491,976917,1002642,679584,531229,598813,112048.47116825145,26736,Large/Metro,1,1,0
2021,Ashland,1385824300,1385824300,1368948600,1368948600,1261576800,975732200,1277989300,1207086300,1219438200,353933900,84546200,86112700,52056300,5912700,4669377,4711400,2572326,789354.5250278704,1000086.6091951254,1304068,2232668,1265743.3591822332,1007904,949582.8417431144,954180.403312048,942164.316121374,942164.316121374,792015,960763,854008,623296,627646,635376,635376,638204,626086,476051,461384,282954,282954,548595.7362761225,352565,305484,392288,405237,237923,245286,63152.185111908,21281,Medium,1,1,0
2021,Baker City,333713000,333713000,322139300,322139300,313096400,233763100,319157400,308460800,315119700,83952400,6875800,7690800,4291100,1280000,1236930,697400,686897,121465.6887298747,103544.1176470588,404120,642731,344090.3002429511,297553,276883.3635750221,276356.9057924693,270429.41012823686,270429.41012823686,232836,251755,227772,198647,198950,194695,194695,194244,241789,157557,176444,95800,95800,162891.65738547329,121506,217484,139542,111592,200911,131635,48396.44695727233,9809,None,0,1,0
2021,Cottage Grove,443837400,443837400,448584600,448584600,391492800,317823600,398825100,377147100,385593300,110564200,32151600,27931400,20145000,2113200,885348,1056100,578111,250778.82888445712,252934.46748840265,396571,644720,303158.1436711893,339818,262281.73519983445,262946.1663510429,263441.3618619397,263441.3618619397,269454,251832,270851,213035,213359,220626,220626,217173,187990,170662,153768,149324,149324,167436.995609715,132306,161054,135124,127275,138476,159755,55131.670292790186,10465,Medium,1,1,0
2021,Eagle Point,367769800,367769800,366964200,366964200,350243600,278985100,342508000,339078100,335318300,60951400,15119600,11143700,0,1564000,241777,1216600,184227,66900.8849557522,0,310003,623530,357689.0077549115,100935,284585.6676127365,284465.9053589817,278657.2764039531,278657.2764039531,233587,134785,215988,189301,197591,203177,203177,71872,150104,163669,117783,98189,98189,161065.8223654995,48148,101788,124026,110459,81605,72377,70857.5561598895,9554,None,0,1,0
2021,Forest Grove,1223719600,1223719600,1190263600,1190263600,979124300,903599700,990803500,901298600,900701500,256419300,212181200,250090300,80728000,5529300,2255908,2588900,1501512,668996.4713009173,589951.1479832092,1089264,1512823,781627.8052420011,894124,703111.1568963191,714220.338410265,708098.8575043391,708098.8575043391,733157,685462,757502,606208,597347,608767,608767,609606,475277,483032,423117,404083,404083,504512.4867312907,376373,591932,327788,353851,490764,270857,79467.93646897352,25553,Large/Metro,1,1,0
2021,Klamath Falls,1151070700,1151070700,1118898800,1118898800,969874000,779721000,982946800,912211000,928309700,308227800,117056100,128768900,71696500,6777200,3015737,2227700,1818119,743216.3881328027,508233.2943978006,1109586,1798471,923399.0234901396,930261,781029.2381849623,789276.4831956227,782717.7939545779,782717.7939545779,786598,760339,776873,647156,635828,624349,624349,630325,519108,498602,474222,418944,418944,551736.8100709075,384381,568822,397493,367089,391147,399244,52796.84852988992,21753,Medium,1,1,0
2021,Newberg,1623664800,1623664800,1594669300,1594669300,1451609200,1325138600,1465354300,1361600800,1386488800,236340200,149685400,154705300,76209200,5634500,2210806,2934400,1361249,724269.6879880239,773339.5578020683,1097972,1485053,865224.7530956671,721974,801867.5359113631,806003.1864727605,790462.5353393161,790462.5353393161,764206,699672,705462,636584,631060,618704,618704,519667,535836,510655,440420,355837,355837,422266.9889885711,349489,414528,347393,308546,461981,345327,87744.19655898007,23886,Medium,1,1,0
2021,Newport,404151700,404151700,406181300,406181300,369343600,267841900,361340100,350733700,343022700,131864100,34522300,33649600,16177000,2085900,953953,1504500,635885,439491.8063683249,327725.2956282667,542311,918251,421425.2372784111,341123,361523.97350547445,356947.0907304147,354585.6842686008,354585.6842686008,328622,356196,310090,273301,274443,277788,277788,216858,281841,220791,122771,205609,205609,269212.3865049555,139063,156584,141410,210841,119546,120670,56316.93437934766,10853,Medium,1,1,0
2021,North Bend,1150811800,1150811800,1114668400,1114668400,1008749100,806404200,1038084400,978256700,1015918800,280873100,48747000,43444900,36249900,4495600,3419980,2656100,1925890,398499.9257721051,498911.1419482513,1222125,2026535,1032512.2021234792,943373,866138.4014092011,871846.7313250119,869837.3943335972,869837.3943335972,805970,816541,786936,640626,635539,640852,640852,607348,601805,522705,438847,368915,368915,540172.7089022285,385795,580212,429326,291264,335186,391418,56956.52274780683,9768,None,0,1,0
2021,Ontario,309191600,309191600,298169500,298169500,236010100,218398800,251436500,176736900,194125700,72774600,114179200,106945600,36149600,1547700,717113,446500,418923,188647.3899470308,197591.1959213641,247125,486799,222110.5939670668,204636,170564.8244255602,168320.7354809633,172101.0611436572,172101.0611436572,170055,177841,153253,109151,134908,129970,129970,132683,117915,98060,92023,103847,103847,94960.1557101372,75234,110542,87893,67822,72986,81781,42970.847756066134,10994,Medium,1,1,0
2021,Prineville,753493700,753493700,743325600,743325600,711228100,600137500,711750000,685589400,678792900,123998900,39891400,56836600,33285200,2277700,1292911,1921700,853587,209514.7672836011,251585.0265373612,726196,1039064,551130.7368690064,513959,503890.680668318,505640.0795451657,500820.7939141109,500820.7939141109,513199,476861,463169,432185,430114,424183,424183,352090,403898,333037,329848,343076,343076,317519.19540485786,212749,351976,258323,147699,308253,260044,69309.63784848078,10734,Medium,1,1,0
2021,Roseburg,1014264200,1014264200,1005154200,1005154200,918518000,724392100,933872400,899283900,910245500,251990000,24747300,41520700,46838400,5053400,1914553,2595100,1234954,256098.55726423935,337404.60944256466,1045835,1722012,804271.9961200281,642067,703938.5454031634,708774.637595561,710067.9629784806,710067.9629784806,669110,652276,612622,587334,581286,581980,581980,431526,546509,492556,457901,459694,459694,483529.18431320816,275687,417149,389318,232755,351811,271232,55961.254414964256,23479,Medium,1,1,0
2021,Sandy,978821900,978821900,953972800,953972800,866616300,734821000,885789000,846199800,862902400,201027800,73312000,75244200,68224300,2153100,1489830,2048500,1069942,387821.9375712007,410662.048856549,776743,1105537,546728.5399725239,650368,509027.6238756256,512271.3671143978,511699.0520188339,511699.0520188339,531448,480502,497005,439161,435904,443628,443628,443108,347948,369035,284995,192049,192049,402247.4442457782,287759,303346,235864,302578,338777,213732,89752.39277128072,11387,Medium,1,1,0
2021,Silverton,574780200,574780200,564877200,564877200,523625100,471429800,539351300,520140900,531606800,84820000,16719100,20815200,15685500,2104800,1155815,1133400,681583,163496.63720160568,343175.5553770133,401974,692924,324934.67742140003,332691,288008.291853456,290183.373487775,286318.8633991316,286318.8633991316,276813,263066,258568,226576,225834,225813,225813,231486,192534,187231,165347,114926,114926,168542.6503989808,133395,157910,136884,126037,97856,98748,74536.79696629876,10618,Medium,1,1,0
2021,Sweet Home,399890800,399890800,392847900,392847900,348319100,309735200,356693500,341576800,349598800,78505000,8688800,16434700,19111200,1692300,701704,626000,439982,163939.622641509,294960.53503851395,286133,445841,224502.427778673,228606,188311.2435096344,187806.9113170942,196856.4290722841,196856.4290722841,194098,191311,188747,168562,168145,168648,168648,167552,206201,132800,148645,119388,119388,133762.7567585889,104332,73021,104226,88139,116892,81618,58553.25431331953,9977,None,0,1,0
2021,Tualatin,3943835700,3943835700,3894872200,3894872200,3361756800,3200727500,3372166400,3274029100,3284712400,639185800,216463400,277593100,207940600,16088800,8458999,8196900,5107710,1347464.9266804238,1980516.111057705,3040071,3992405,2509999.2735969797,2547067,2263526.189640224,2289136.1931752553,2243971.1066362727,2243971.1066362727,2123470,2028494,2039333,1854000,1828734,1812806,1812806,1820331,1471794,1514124,1271776,1237433,1237433,1353077.7702656726,1235412,1211551,1115852,1002862,802040,586820,106735.77198836637,27837,Large/Metro,1,1,0
2021,West Linn,3758260800,3758260800,3715093900,3715093900,3409927900,3186440000,3400138400,3334446900,3320219200,498155700,99284500,153015300,123217000,8615000,8107801,7666600,4925486,1254855.721954303,1494679.0076495537,2818956,3333744,2370164.57858216,2323865,2072912.7903090771,2075645.222155089,2034237.232370891,2034237.232370891,1905077,1887970,1801880,1627891,1613909,1577646,1577646,1576179,1485294,1283220,1283727,744630,744630,987680.952101166,974540,1040003,1089655,728286,660510,410307,116628.98186741308,26736,Large/Metro,1,1,0
2022,Ashland,1465668100,1465668100,1443374700,1443374700,1326588400,1041031000,1343565600,1289794700,1292001400,372200200,86273400,100544200,80377300,6358800,4664787,5539000,2692792,855183.473942254,1127604.5821989332,1475762,2240232,1331027.6384712283,1140041,1024804.3136716594,1039707.0450451316,1012785.7318732548,1012785.7318732548,864823,999463,973382,704894,699621,704381,704381,695792,727929,522547,517729,289007,289007,585468.8596368873,384937,366321,358975,420699,323092,121901,69794.2592982239,21281,Medium,1,1,0
2022,Baker City,383238300,383238300,366367100,366367100,348422300,256095100,358359100,342449600,352417600,106030100,9454100,11688200,7658400,1400100,1361372,847700,753201,154741.82529335062,93379.8852828708,436606,737438,378509.02810994233,321579,303005.3360649154,302654.95381472143,298161.15965492383,298161.15965492383,264433,264311,237209,222303,223782,219619,219619,219235,262142,180468,216280,134311,134311,191312.5387187248,140893,235034,161784,137694,214858,144459,54737.97540425532,9809,None,0,1,0
2022,Cottage Grove,515408200,515408200,519140700,519140700,447636900,370074200,453943500,435057300,441761100,128296700,33856400,32862800,29503100,2094500,969273,1263100,663911,258562.3663082607,271406.089282768,448574,759899,349514.28661390767,390233,302635.6625887916,303899.6224767821,303215.35456697753,303215.35456697753,317799,301868,314273,248700,247941,251731,251731,252298,204100,198029,178815,180021,180021,195240.9740961173,154059,154660,150673,148090,204048,168703,63442.388231867175,10465,Medium,1,1,0
2022,Eagle Point,365552500,365552500,367990700,367990700,344077800,258529500,326323000,334448700,319859100,87122800,14637300,11472100,10820100,1711400,604945,1371600,458262,65345.0892857143,119192.941176471,330288,556306,252964.3040369668,300485,242532.1291827945,242442.3721226759,242646.61731459424,242646.61731459424,262806,215817,246783,219281,223527,235222,235222,224651,185593,183523,98045,187863,187863,192805.4300479881,157413,123447,126052,202451,85520,91036,86210.79256080114,9554,None,0,1,0
2022,Forest Grove,1298625900,1298625900,1261322200,1261322200,1013787800,951377400,1027741200,941748500,953849700,275994900,228638500,262877500,102491100,6027500,2272288,2990600,1551839,746571.5401903274,857723.6426639125,1131214,1534781,810625.1259523754,940809,730750.9006370388,746053.9641152713,741726.4896341364,741726.4896341364,778494,741778,799780,647071,636259,655067,655067,650171,496431,519602,450485,289717,289717,548177.8548594138,397852,517937,355254,372681,528829,339150,85338.80733342095,25553,Large/Metro,1,1,0
2022,Klamath Falls,1257809600,1257809600,1222784100,1222784100,1050762400,861367500,1058117000,991639700,1008437700,329536900,137370600,143027300,91914600,6974300,3367614,2373700,1995176,750671.312064541,613126.7652999818,1227748,1974745,1019791.01244047,1007258,862070.4276788504,868017.4731028809,852322.0247926338,852322.0247926338,818990,793598,813528,679272,685734,670954,670954,666671,586448,540817,502470,515950,515950,606206.6903745113,418316,620819,432463,492644,464626,352253,57852.47876771296,21753,Medium,1,1,0
2022,Newberg,1804402600,1804402600,1750861300,1750861300,1546082700,1476321300,1579339700,1472505200,1520230900,248315100,164245600,173579200,111858800,6359300,2271985,3426800,1473243,778029.2754983178,710035.7702080809,1220352,1595414,968843.857281437,801251,881256.3517374228,892571.4750070152,874668.2291858785,874668.2291858785,853663,773621,812886,729778,703003,695196,695196,566325,620296,562089,528890,357558,357558,468528.7730728614,375924,433325,379405,342290,576810,315770,97879.95561325725,23886,Medium,1,1,0
2022,Newport,446547800,446547800,457885400,457885400,397121600,311202600,391739700,383746200,375604800,138298000,34086900,35133500,21587800,2114200,1415151,1935200,800022,395549.0539981349,354083.8324181411,601978,979205,509511.5424991079,393905,390071.0941547897,389710.756102181,408032.94765076047,408032.94765076047,362060,426402,359713,293948,291472,295505,295505,233721,306585,239779,213723,227188,227188,297641.6404985251,150779,260864,154646,248997,191413,142437,59710.48810612992,10853,Medium,1,1,0
2022,North Bend,1260484300,1260484300,1243744700,1243744700,1097147700,888969100,1106564500,1068333700,1085196100,320409400,63663900,67869800,69012900,5023600,3206633,3255200,1977085,559039.9108371374,929319.1792599412,1360808,2279743,1098746.1314972283,1072229,933863.2684681248,938848.4833987016,941996.779424376,941996.779424376,902123,939749,876346,714437,716873,715088,715088,674097,621313,581235,618551,404868,404868,605780.3337160395,425854,594864,479917,418700,474591,412940,64061.620041089154,9768,None,0,1,0
2022,Ontario,334276200,334276200,303305900,303305900,227762300,220531200,254569900,178735700,202677700,76521000,115573200,120501200,44098600,1672700,661873,521900,417650,200519.4089222118,202545.78279775972,253462,516454,218548.813696003,210406,167554.258683486,162545.018641413,173894.7379170096,173894.7379170096,170890,186353,103313,108796,126436,129020,129020,131459,120438,107248,100861,115919,115919,102438.8183184398,79821,121914,87556,76654,129809,67537,42962.9938786867,10994,Medium,1,1,0
2022,Prineville,879902000,879902000,876000100,876000100,824250400,699903800,823316000,807804400,797403000,156383300,35005600,53985100,44878900,2375100,1489647,2302800,947607,269971.6505968527,525289.3748650294,814233,1111985,633754.1823938644,564827,566685.551810052,571706.1531467026,565979.9296347507,565979.9296347507,569510,534181,500456,459406,458992,458831,458831,383778,418184,387109,341719,127471,127471,349698.55239450186,257130,392494,262557,268200,307309,257967,76155.34687458468,10734,Medium,1,1,0
2022,Roseburg,1064431900,1064431900,1056755400,1056755400,965207700,759153300,968979100,945158700,950392600,271052700,30602600,46334500,63902800,5294000,2226569,2982900,1376123,334763.03908100125,405786.7877160685,1065027,1857795,836700.1802730476,699052,740437.0685826597,744166.9111573861,743897.8467524612,743897.8467524612,706035,676130,684327,623126,613730,610305,610305,459068,598165,517361,503183,537359,537359,543679.5678533149,285377,577893,416860,285929,458948,269645,58661.19874138958,23479,Medium,1,1,0
2022,Sandy,1107292700,1107292700,1079059500,1079059500,967131100,830485000,991355400,957335600,978066300,229763400,70975000,74013600,82374200,2363300,1632199,2471600,1181155,411541.8337510448,303984.449045319,857929,1227320,613825.454822638,728491,574769.4523224316,574967.1246513186,577687.933277408,577687.933277408,580859,540695,551343,490401,493390,495146,495146,496327,392802,423270,329966,296470,296470,470552.9784390207,343874,315763,262949,279336,390871,247065,100992.52161476167,11387,Medium,1,1,0
2022,Silverton,571657500,571657500,562216900,562216900,514191300,456469100,520312800,510031800,513429400,96695800,25744400,27928700,26896800,2242700,1023096,1294800,674098,176451.0740469208,348982.5313116358,446431,690908,340543.681800829,370034,308079.73538674356,310758.1220448353,300068.6540932821,300068.6540932821,306775,293890,301737,272240,269914,253691,253691,255547,212742,197960,177593,79692,79692,187136.86524981668,144748,177648,139936,133792,183129,152294,83443.18114005098,10618,Medium,1,1,0
2022,Sweet Home,485113600,485113600,477077700,477077700,407992900,386100300,417094900,398304700,410938200,85355900,6056600,13677400,29414200,1735200,1147753,824300,582017,94634.375,333714.04565377353,322940,521917,269212.73008837865,265433,227822.4880770336,227175.16315980087,240644.4579003884,240644.4579003884,218992,212240,198287,186117,185719,190773,190773,186592,182266,149254,149362,96033,96033,170190.4758118817,117686,167917,117635,101251,149974,144128,65793.57247706423,9977,None,0,1,0
2022,Tualatin,4413587500,4413587500,4353818500,4353818500,3724150300,3589899300,3715449200,3635005900,3635550400,695092500,253330300,321027900,255147100,17645400,9453474,9701100,5720129,1523117.5405611964,2268826.4371919692,3274232,4046287,2819409.3445007834,2848352,2526111.2714294684,2546258.4438365954,2487671.603449372,2487671.603449372,2339499,2261623,2235976,2014941,2007622,2016137,2016137,2006165,1646591,1659728,1442684,1423857,1423857,1428644.8826376454,1319779,1355148,1253215,1163900,796088,856055,118886.88196219366,27837,Large/Metro,1,1,0
2022,West Linn,4225187400,4225187400,4173877000,4173877000,3789026400,3563667200,3789732000,3716446900,3714548600,568934500,146924800,178196000,170323800,9473100,9420084,9130600,5545881,1979527.2163137472,2020467.431133865,2945380,3409069,2594536.3008046052,2540915,2265343.125532325,2265822.803860914,2238563.879074642,2238563.879074642,2061488,2018033,1958109,1757115,1746347,1729002,1729002,1700263,1625148,1364282,1392653,629859,629859,1109918.2144881329,1035736,1141132,1162463,777977,746313,515547,128759.04618039264,26736,Large/Metro,1,1,0
2023,Ashland,1601248500,1601248500,1584993400,1584993400,1428558600,1109970300,1450603300,1400819000,1408683200,439057000,89758400,109077200,85190100,7465000,5186274,5701000,2929563,999108.4645107482,1100799.3334663822,1567635,2281629,1414773.2970241825,1212704,1087832.5612740547,1102891.551797205,1089796.0510415991,1089796.0510415991,928546,1081343,1055266,758920,762277,742368,742368,743025,773750,555834,549222,295735,295735,646186.5770700906,403496,370592,457056,429595,158117,209601,73118.74033047736,21281,Medium,1,1,0
2023,Baker City,429773700,429773700,418425300,418425300,391022900,292977300,396655500,389744500,391756900,119624200,3061000,9456700,12016400,1433300,1315851,968600,799981,58597.7941176471,121884.7334717019,495540,844959,411576.462480443,372101,326049.0074526524,327522.1857154561,322156.1737842602,322156.1737842602,285394,326406,273289,241885,240578,241253,241253,241462,269700,192035,222087,105054,105054,204537.0402388698,150051,233854,168620,140817,200016,170818,60212.19451114923,9809,None,0,1,0
2023,Cottage Grove,581313300,581313300,578307500,578307500,502474300,407645900,509769200,492061000,500136600,146654700,35496300,35015600,34977300,2303900,1157410,1415800,741940,300591.5162470379,260797.4012264894,480595,814682,360018.9947256262,412672,339323.95743200334,338748.1442032245,331202.0456552507,331202.0456552507,347498,313716,334765,267708,267799,270146,270146,271438,216553,209908,187530,179777,179777,231702.02136108905,164213,204172,155539,153793,227529,180299,67896.62721522593,10465,Medium,1,1,0
2023,Eagle Point,377633000,377633000,380054700,380054700,345900800,277130200,338570700,335308900,331686700,80863800,16501700,21827900,21732000,1647400,692575,1419200,506438,68188.8429752066,188877.5641025643,339974,575023,271751.6903597836,313528,261076.3398360204,260006.3136251227,260273.3178302542,260273.3178302542,294059,237284,283145,250351,253824,248327,248327,245046,182969,193825,102763,207501,207501,200986.87042124552,166912,141687,131362,164245,92600,94554,91413.10086429652,9554,None,0,1,0
2023,Forest Grove,1359168000,1359168000,1337166100,1337166100,1051477300,1032002300,1055469100,972075300,974316100,268324000,274808200,302116900,115802000,6442700,2550108,3234300,1712101,841282.7787919705,928310.5978151108,1214794,1690637,885082.2108701261,1032759,784681.0934623037,786727.8199246587,803162.900751469,803162.900751469,839943,799294,868085,671688,670223,689904,689904,692092,530176,568033,480273,315059,315059,543996.1366443868,423329,410003,370987,282207,583996,354104,88399.0778722308,25553,Large/Metro,1,1,0
2023,Klamath Falls,1334869000,1334869000,1320028800,1320028800,1100048000,943934800,1091191900,1051654200,1051405000,336783900,153678600,151256700,125090000,7236500,3778544,2795500,2183411,904185.9010476746,757624.284972709,1276393,2085320,1088035.1934466125,1038177,881995.8511278213,890125.496577797,896688.0251130986,896688.0251130986,839859,831750,837863,679827,684375,671415,671415,674504,665157,546042,552890,527081,527081,623423.3190933181,423510,614226,440456,498042,561341,364764,58558.12643164554,21753,Medium,1,1,0
2023,Newberg,1934997000,1934997000,1881910400,1881910400,1649523200,1604824800,1656819700,1595575300,1616904300,244056700,171259000,202252900,144070200,6911200,2275235,3607500,1472344,638364.6090557484,810853.4164304743,1212265,1630767,994888.6879707676,822555,897906.6775699424,909235.2844684438,892732.0963060191,892732.0963060191,876914,809991,833638,747010,732655,720954,720954,580196,639275,589582,538343,286985,286985,462375.84630512906,389420,456298,374214,375295,569409,348720,101503.74883968284,23886,Medium,1,1,0
2023,Newport,493341800,493341800,515205800,515205800,430378200,341723300,425484600,412181700,404591100,163625000,43555500,41391200,30997200,2578700,1694280,2091100,894644,479401.9120044258,478675.05026172416,637268,1062451,541522.5454148966,391145,404616.1906531582,399308.8889192903,435874.7238403046,435874.7238403046,373798,414004,383336,294439,303043,313102,313102,242765,286373,250525,205537,216507,216507,322344.0060201394,150911,262191,160636,235517,146085,110271,63046.09980605699,10853,Medium,1,1,0
2023,North Bend,1301753300,1301753300,1277196600,1277196600,1126117900,910689400,1138656200,1097388700,1118880700,321248200,62070100,79114400,83676500,4915400,3333859,3589000,2205056,673058.7775427254,895551.1920657834,1440244,2255452,1127446.959826452,1207820,958738.4196326836,954918.9605029662,970944.132463822,970944.132463822,975165,978581,937956,767612,771021,780200,780200,780904,707408,621872,583891,392144,392144,611010.4161177438,472212,719873,484351,410308,548534,410415,70104.60872350338,9768,None,0,1,0
2023,Ontario,368051500,368051500,335967800,335967800,248980800,247575300,276181500,205185100,225285300,84415100,115623000,124015600,45497100,1559800,739287,604800,476934,218991.38120368824,196742.9993252362,276867,537584,244196.33452042867,221197,189364.8801394112,180072.44879340648,192690.6355539457,192690.6355539457,170266,178352,156897,123583,134608,136153,136153,139223,148715,118034,115209,114751,114751,112746.6948840796,91959,139165,100063,95492,138574,89967,45093.11531757652,10994,Medium,1,1,0
2023,Prineville,976304600,976304600,975852300,975852300,905609800,784134000,896331700,889155800,880455000,171722200,45556400,52744900,57016000,2636300,1792165,2584400,1071216,285737.3779301638,642423.3326684785,858021,1189983,673925.1671195374,600666,611675.9599290765,616392.7528448512,612863.0068596329,612863.0068596329,593610,556455,527498,504325,507291,507160,507160,417470,413786,421154,368405,155877,155877,402069.52895404515,281925,434634,309901,319183,381507,273126,84024.91297136871,10734,Medium,1,1,0
2023,Roseburg,1105568100,1105568100,1099971100,1099971100,1000125900,781828400,1001563800,990640500,987478700,293159100,30703000,47531800,68824500,5516400,2777693,3118000,1709993,468976.93047941715,429144.7637108029,1186093,1878138,902362.2267121832,898187,796729.5541864482,800632.0492920222,793304.0619089794,793304.0619089794,743904,732757,679589,649612,645592,646382,646382,583816,621548,483240,480865,434057,434057,572157.5920576494,340579,595856,413653,266552,331782,417464,60834.685901300494,23479,Medium,1,1,0
2023,Sandy,1123009100,1123009100,1094813500,1094813500,967502400,856726900,997734400,955408700,983871500,223319700,85773900,81082100,90617800,2389600,1498626,2552100,1160245,481629.7700489062,496629.5169929209,889212,1231387,620609.04353686,724938,575032.1199011611,577863.0016674789,571099.630730775,571099.630730775,601030,570000,557799,512509,509953,504975,504975,501234,412546,422432,345637,259544,259544,438633.5538583183,332320,283806,273830,290032,375283,256771,103197.49656412304,11387,Medium,1,1,0
2023,Silverton,601369900,601369900,588623500,588623500,531212600,477454300,546568900,526682800,538547500,101799100,25645800,29883900,32782800,2249500,1074965,1449300,704407,158737.0790080851,369812.1259303228,473461,708563,353955.11403517,386990,321164.65479168145,323908.1892293117,311847.98485197563,311847.98485197563,311581,300850,303410,282588,279595,267626,267626,260324,219175,195394,188782,86489,86489,192289.20772174015,147063,158564,151812,139463,201045,170271,88596.4596580114,10618,Medium,1,1,0
2023,Sweet Home,506259100,506259100,499503600,499503600,413879800,400106400,427653200,405268000,422084700,92367200,11151400,14545900,34245000,1837100,1075920,897100,575140,130693.74689826313,374212.07067943434,347391,495356,281915.7648954066,285518,225871.9168022356,229438.854555753,244807.0074287206,244807.0074287206,235975,230429,212773,198580,197558,200588,200588,197416,207349,158320,154370,69234,69234,155307.3377406064,119823,0,128535,94222,180133,182561,69232.86127758105,9977,None,0,1,0
2023,Tualatin,4452160300,4452160300,4406757400,4406757400,3675379800,3580660100,3661587900,3604313000,3600770100,752642800,263008200,342025200,321292100,18637200,9757580,10525400,5834021,1581218.442128562,2455268.4582024575,3354570,4068511,2869806.602476155,2917058,2585793.9928533435,2583186.8089068886,2544860.261802528,2544860.261802528,2406381,2272357,2350464,2064801,2051902,2067064,2067064,2060583,1649418,1727509,1428792,1479624,1479624,1540168.5600613416,1342685,1325257,1228154,1196513,966472,453899,123202.1643588278,27837,Large/Metro,1,1,0
2023,West Linn,4238258900,4238258900,4200964900,4200964900,3772233400,3602515600,3773234100,3703974600,3706828300,558585600,157871800,195807500,213759200,9836800,9482598,9802600,5637188,2272462.61013765,2164414.786108569,3005946,3417821,2673958.138103947,2644378,2325795.81046297,2318930.274179784,2297733.006458062,2297733.006458062,2155630,2108955,2017418,1861053,1839113,1792650,1792650,1779330,1651477,1432956,1382903,607990,607990,1102315.701133479,1053861,1111816,1145156,739173,917339,363988,132252.0894592006,26736,Large/Metro,1,1,0
